{"cameraMode":{"drawMode":0,"name":"Shaded","section":"Shading Mode"},"sceneLighting":true,"audioPlay":false,"sceneViewState":{"showFog":true,"showMaterialUpdate":false,"showSkybox":true,"showFlares":true,"showImageEffects":true,"showParticleSystems":true},"in2DMode":false,"pivot":{"x":-0.03904417157173157,"y":0.529319703578949,"z":0.44127190113067629},"rotation":{"x":-0.024966854602098466,"y":0.9631651043891907,"z":-0.2498483806848526,"w":-0.09625697135925293},"size":3.7984306812286379,"orthographic":false}