{"cameraMode":{"drawMode":0,"name":"Shaded","section":"Shading Mode"},"sceneLighting":false,"audioPlay":false,"sceneViewState":{"m_AlwaysRefresh":false,"showFog":true,"showSkybox":false,"showFlares":true,"showImageEffects":true,"showParticleSystems":true,"showVisualEffectGraphs":true,"m_FxEnabled":true},"in2DMode":false,"pivot":{"x":-26.407825469970704,"y":12.612659454345704,"z":37.542198181152347},"rotation":{"x":-0.14093217253684998,"y":-0.33380091190338137,"z":0.05058292672038078,"w":-0.9306060671806336},"size":1.4266818761825562,"orthographic":false}