{"cameraMode":{"drawMode":0,"name":"Shaded","section":"Shading Mode"},"sceneLighting":true,"audioPlay":false,"sceneViewState":{"showFog":true,"showMaterialUpdate":false,"showSkybox":true,"showFlares":true,"showImageEffects":true,"showParticleSystems":true},"in2DMode":false,"pivot":{"x":0.02660125494003296,"y":1.0549330711364747,"z":-0.9471268653869629},"rotation":{"x":-0.02582341432571411,"y":0.9737929105758667,"z":-0.17298829555511475,"w":-0.14538128674030305},"size":14.589118003845215,"orthographic":false}